Time,Temperature (K)
2025-02-01 00:00:00,268.22545911549105
2025-02-01 00:01:00,268.1415754121748
2025-02-01 00:02:00,268.13481441920607
2025-02-01 00:03:00,268.1602800105544
2025-02-01 00:04:00,268.24125277109835
2025-02-01 00:05:00,268.06592964431707
2025-02-01 00:06:00,268.2407138802113
2025-02-01 00:07:00,268.0721387426743
2025-02-01 00:08:00,268.2220187047974
2025-02-01 00:09:00,268.1952455061509
2025-02-01 00:10:00,268.1271059187856
2025-02-01 00:11:00,268.1922212307044
2025-02-01 00:12:00,268.19529463355667
2025-02-01 00:13:00,268.146348834797
2025-02-01 00:14:00,268.12423983377363
2025-02-01 00:15:00,268.18739397557744
2025-02-01 00:16:00,268.2430381497374
2025-02-01 00:17:00,268.2121787210331
2025-02-01 00:18:00,268.0769093639165
2025-02-01 00:19:00,268.1963859081684
2025-02-01 00:20:00,268.11720405197923
2025-02-01 00:21:00,268.20487682007627
2025-02-01 00:22:00,268.2514706940671
2025-02-01 00:23:00,268.2105447209082
2025-02-01 00:24:00,268.26917852774636
2025-02-01 00:25:00,268.21463271868055
2025-02-01 00:26:00,268.2400421139097
2025-02-01 00:27:00,268.17564797991844
2025-02-01 00:28:00,268.1517100107411
2025-02-01 00:29:00,268.15127477946515
2025-02-01 00:30:00,268.19663957013756
2025-02-01 00:31:00,268.2737646300396
2025-02-01 00:32:00,268.13074684789996
2025-02-01 00:33:00,268.2665551063461
2025-02-01 00:34:00,268.18210871723676
2025-02-01 00:35:00,268.12812737306683
2025-02-01 00:36:00,268.11142696162295
2025-02-01 00:37:00,268.2050036731226
2025-02-01 00:38:00,268.14092393890024
2025-02-01 00:39:00,268.2151285401116
2025-02-01 00:40:00,268.1967704123236
2025-02-01 00:41:00,268.2205998617104
2025-02-01 00:42:00,268.2734098468816
2025-02-01 00:43:00,268.30528923068744
2025-02-01 00:44:00,268.17287559249326
2025-02-01 00:45:00,268.2458313793622
2025-02-01 00:46:00,268.2571071676459
2025-02-01 00:47:00,268.15424355547486
2025-02-01 00:48:00,268.28301987951085
2025-02-01 00:49:00,268.2623843522842
2025-02-01 00:50:00,268.222238356052
2025-02-01 00:51:00,268.17133251021926
2025-02-01 00:52:00,268.24787966342535
2025-02-01 00:53:00,268.29348242588753
2025-02-01 00:54:00,268.3069944783893
2025-02-01 00:55:00,268.1718898667367
2025-02-01 00:56:00,268.2034196386531
2025-02-01 00:57:00,268.20712493899407
2025-02-01 00:58:00,268.196508927269
2025-02-01 00:59:00,268.2495821624462
2025-02-01 01:00:00,268.2985675209054
2025-02-01 01:01:00,268.2080146813376
2025-02-01 01:02:00,268.27818440872494
2025-02-01 01:03:00,268.1887613000842
2025-02-01 01:04:00,268.26324595898404
2025-02-01 01:05:00,268.1999491670692
2025-02-01 01:06:00,268.27474587662095
2025-02-01 01:07:00,268.2747979042395
2025-02-01 01:08:00,268.2978298036598
2025-02-01 01:09:00,268.2245435366596
2025-02-01 01:10:00,268.20220445719184
2025-02-01 01:11:00,268.2849963162146
2025-02-01 01:12:00,268.3000769860053
2025-02-01 01:13:00,268.2888807619717
2025-02-01 01:14:00,268.21872060751105
2025-02-01 01:15:00,268.33366042671355
2025-02-01 01:16:00,268.2003465163427
2025-02-01 01:17:00,268.2024810426324
2025-02-01 01:18:00,268.22668153288095
2025-02-01 01:19:00,268.2311676343093
2025-02-01 01:20:00,268.33858479628964
2025-02-01 01:21:00,268.35716131194994
2025-02-01 01:22:00,268.25211556458623
2025-02-01 01:23:00,268.28870111199944
2025-02-01 01:24:00,268.27366037827306
2025-02-01 01:25:00,268.33967698959873
2025-02-01 01:26:00,268.18135311289774
2025-02-01 01:27:00,268.30420653097394
2025-02-01 01:28:00,268.2752284044902
2025-02-01 01:29:00,268.2331741681708
2025-02-01 01:30:00,268.20255457516004
2025-02-01 01:31:00,268.25127364163893
2025-02-01 01:32:00,268.32405096674404
2025-02-01 01:33:00,268.27527966130265
2025-02-01 01:34:00,268.35365811667447
2025-02-01 01:35:00,268.28575599917315
2025-02-01 01:36:00,268.3549744086513
2025-02-01 01:37:00,268.3723154256058
2025-02-01 01:38:00,268.23201549079675
2025-02-01 01:39:00,268.1891495411942
2025-02-01 01:40:00,268.2243912395263
2025-02-01 01:41:00,268.29643137809205
2025-02-01 01:42:00,268.30864621875776
2025-02-01 01:43:00,268.23173494882917
2025-02-01 01:44:00,268.21614245934614
2025-02-01 01:45:00,268.21865573921247
2025-02-01 01:46:00,268.20311518647696
2025-02-01 01:47:00,268.20327487238035
2025-02-01 01:48:00,268.28726742105204
2025-02-01 01:49:00,268.3457126415219
2025-02-01 01:50:00,268.23292292316603
2025-02-01 01:51:00,268.375445363499
2025-02-01 01:52:00,268.36295338688853
2025-02-01 01:53:00,268.35704841500944
2025-02-01 01:54:00,268.2632453193971
2025-02-01 01:55:00,268.2584078502016
2025-02-01 01:56:00,268.2807856483212
2025-02-01 01:57:00,268.377977063735
2025-02-01 01:58:00,268.39528672981925
2025-02-01 01:59:00,268.3499815395287
2025-02-01 02:00:00,268.3517262368913
2025-02-01 02:01:00,268.308702642543
2025-02-01 02:02:00,268.38455694524157
2025-02-01 02:03:00,268.3903909620367
2025-02-01 02:04:00,268.2907564734523
2025-02-01 02:05:00,268.32313468339663
2025-02-01 02:06:00,268.2641381154327
2025-02-01 02:07:00,268.2995020954787
2025-02-01 02:08:00,268.27502923926875
2025-02-01 02:09:00,268.3119254392654
2025-02-01 02:10:00,268.368369028032
2025-02-01 02:11:00,268.2772960136525
2025-02-01 02:12:00,268.36431769939566
2025-02-01 02:13:00,268.26766914308587
2025-02-01 02:14:00,268.4214228543395
2025-02-01 02:15:00,268.2419188435341
2025-02-01 02:16:00,268.32774473328107
2025-02-01 02:17:00,268.37305531995474
2025-02-01 02:18:00,268.3293743003589
2025-02-01 02:19:00,268.348298346981
2025-02-01 02:20:00,268.35744150885915
2025-02-01 02:21:00,268.2574598266192
2025-02-01 02:22:00,268.300767405176
2025-02-01 02:23:00,268.32306262667134
2025-02-01 02:24:00,268.4291447191814
2025-02-01 02:25:00,268.30870238422784
2025-02-01 02:26:00,268.4488039181306
2025-02-01 02:27:00,268.3851883295823
2025-02-01 02:28:00,268.4261315678158
2025-02-01 02:29:00,268.3663396327365
2025-02-01 02:30:00,268.275140325175
2025-02-01 02:31:00,268.44440109763326
2025-02-01 02:32:00,268.3463598884415
2025-02-01 02:33:00,268.27599564385355
2025-02-01 02:34:00,268.3426376557751
2025-02-01 02:35:00,268.3838099075043
2025-02-01 02:36:00,268.3754529959392
2025-02-01 02:37:00,268.2778680771036
2025-02-01 02:38:00,268.36097124843974
2025-02-01 02:39:00,268.3210636542469
2025-02-01 02:40:00,268.27287370641517
2025-02-01 02:41:00,268.3226659678962
2025-02-01 02:42:00,268.33187506972234
2025-02-01 02:43:00,268.45094881456237
2025-02-01 02:44:00,268.3637619989197
2025-02-01 02:45:00,268.4328255607292
2025-02-01 02:46:00,268.44561091310754
2025-02-01 02:47:00,268.28706287950365
2025-02-01 02:48:00,268.3925035971774
2025-02-01 02:49:00,268.32314591400063
2025-02-01 02:50:00,268.2971541437065
2025-02-01 02:51:00,268.4757029266148
2025-02-01 02:52:00,268.3229197258946
2025-02-01 02:53:00,268.3585888078039
2025-02-01 02:54:00,268.41273685139583
2025-02-01 02:55:00,268.4794158035661
2025-02-01 02:56:00,268.4738508483015
2025-02-01 02:57:00,268.3490546593348
2025-02-01 02:58:00,268.48640227098514
2025-02-01 02:59:00,268.3908701009317
2025-02-01 03:00:00,268.3926391642507
2025-02-01 03:01:00,268.4677141708146
2025-02-01 03:02:00,268.4973303107897
2025-02-01 03:03:00,268.48927304038676
2025-02-01 03:04:00,268.50143221229473
2025-02-01 03:05:00,268.443060157345
2025-02-01 03:06:00,268.4670648981773
2025-02-01 03:07:00,268.3382189520943
2025-02-01 03:08:00,268.41748678721467
2025-02-01 03:09:00,268.43876748412816
2025-02-01 03:10:00,268.41815298346603
2025-02-01 03:11:00,268.4922027799915
2025-02-01 03:12:00,268.32031370614044
2025-02-01 03:13:00,268.34222990835985
2025-02-01 03:14:00,268.5188871226684
2025-02-01 03:15:00,268.47423016488386
2025-02-01 03:16:00,268.4311348247939
2025-02-01 03:17:00,268.3314836455755
2025-02-01 03:18:00,268.4345155993706
2025-02-01 03:19:00,268.3421159286508
2025-02-01 03:20:00,268.35251281374155
2025-02-01 03:21:00,268.4585328669372
2025-02-01 03:22:00,268.4818811688698
2025-02-01 03:23:00,268.38589575120557
2025-02-01 03:24:00,268.5182347269158
2025-02-01 03:25:00,268.4890082863901
2025-02-01 03:26:00,268.3699831482473
2025-02-01 03:27:00,268.390211473395
2025-02-01 03:28:00,268.45280787229797
2025-02-01 03:29:00,268.36215209880527
2025-02-01 03:30:00,268.51974085646435
2025-02-01 03:31:00,268.4002764832424
2025-02-01 03:32:00,268.48498392028563
2025-02-01 03:33:00,268.45588374893254
2025-02-01 03:34:00,268.5359626305423
2025-02-01 03:35:00,268.53909583124647
2025-02-01 03:36:00,268.5258769631193
2025-02-01 03:37:00,268.4300118760397
2025-02-01 03:38:00,268.4022130135356
2025-02-01 03:39:00,268.40777842318397
2025-02-01 03:40:00,268.39919570566855
2025-02-01 03:41:00,268.4132943467319
2025-02-01 03:42:00,268.38284182142337
2025-02-01 03:43:00,268.4696347295148
2025-02-01 03:44:00,268.4933258250612
2025-02-01 03:45:00,268.44507448839465
2025-02-01 03:46:00,268.3859164360678
2025-02-01 03:47:00,268.5523761702076
2025-02-01 03:48:00,268.4766390218812
2025-02-01 03:49:00,268.3902242991409
2025-02-01 03:50:00,268.4614765794913
2025-02-01 03:51:00,268.53453893656956
2025-02-01 03:52:00,268.4346911840063
2025-02-01 03:53:00,268.42718614837736
2025-02-01 03:54:00,268.4468103153681
2025-02-01 03:55:00,268.4505220234394
2025-02-01 03:56:00,268.3920746363121
2025-02-01 03:57:00,268.43982181760356
2025-02-01 03:58:00,268.4531055923764
2025-02-01 03:59:00,268.5104253098514
2025-02-01 04:00:00,268.54326082099834
2025-02-01 04:01:00,268.56614887199356
2025-02-01 04:02:00,268.4355280167853
2025-02-01 04:03:00,268.44143572883496
2025-02-01 04:04:00,268.42094449676165
2025-02-01 04:05:00,268.5045575635063
2025-02-01 04:06:00,268.55473935774444
2025-02-01 04:07:00,268.4625827401909
2025-02-01 04:08:00,268.5292782864069
2025-02-01 04:09:00,268.5066651583161
2025-02-01 04:10:00,268.5213401867076
2025-02-01 04:11:00,268.411317177211
2025-02-01 04:12:00,268.4923047244824
2025-02-01 04:13:00,268.4919328323888
2025-02-01 04:14:00,268.41035133100047
2025-02-01 04:15:00,268.59229075126217
2025-02-01 04:16:00,268.57849936128065
2025-02-01 04:17:00,268.54732116850744
2025-02-01 04:18:00,268.5413153591526
2025-02-01 04:19:00,268.50625195195755
2025-02-01 04:20:00,268.4702703033273
2025-02-01 04:21:00,268.4773829628202
2025-02-01 04:22:00,268.4750215237866
2025-02-01 04:23:00,268.45630118727865
2025-02-01 04:24:00,268.60649800225724
2025-02-01 04:25:00,268.5791154360439
2025-02-01 04:26:00,268.48683838039824
2025-02-01 04:27:00,268.5398363812588
2025-02-01 04:28:00,268.51991372537185
2025-02-01 04:29:00,268.5456607665501
2025-02-01 04:30:00,268.457357882932
2025-02-01 04:31:00,268.4655187569986
2025-02-01 04:32:00,268.6069766368289
2025-02-01 04:33:00,268.4843976898531
2025-02-01 04:34:00,268.49938804654306
2025-02-01 04:35:00,268.4546576611506
2025-02-01 04:36:00,268.558043288677
2025-02-01 04:37:00,268.46872947997895
2025-02-01 04:38:00,268.5192703559179
2025-02-01 04:39:00,268.4594974255781
2025-02-01 04:40:00,268.48691353612855
2025-02-01 04:41:00,268.61585296028176
2025-02-01 04:42:00,268.4791999064566
2025-02-01 04:43:00,268.584471989589
2025-02-01 04:44:00,268.53116251336974
2025-02-01 04:45:00,268.59608540188816
2025-02-01 04:46:00,268.5256075640567
2025-02-01 04:47:00,268.63385578067545
2025-02-01 04:48:00,268.48150730621563
2025-02-01 04:49:00,268.50973801346186
2025-02-01 04:50:00,268.52842284810674
2025-02-01 04:51:00,268.4948209118907
2025-02-01 04:52:00,268.61725901202493
2025-02-01 04:53:00,268.63210986638467
2025-02-01 04:54:00,268.5835528596791
2025-02-01 04:55:00,268.60463385630607
2025-02-01 04:56:00,268.6171760005838
2025-02-01 04:57:00,268.4825435878283
2025-02-01 04:58:00,268.5078423336538
2025-02-01 04:59:00,268.58048530027526
2025-02-01 05:00:00,268.5072086458462
2025-02-01 05:01:00,268.56172084322344
2025-02-01 05:02:00,268.56561787267515
2025-02-01 05:03:00,268.50984487072026
2025-02-01 05:04:00,268.5731368562965
2025-02-01 05:05:00,268.5416678246719
2025-02-01 05:06:00,268.6209250985756
2025-02-01 05:07:00,268.5450461236577
2025-02-01 05:08:00,268.50388517200287
2025-02-01 05:09:00,268.67740254589717
2025-02-01 05:10:00,268.589171870524
2025-02-01 05:11:00,268.492133952824
2025-02-01 05:12:00,268.55677381398647
2025-02-01 05:13:00,268.6363939245088
2025-02-01 05:14:00,268.59530767285645
2025-02-01 05:15:00,268.57144663850113
2025-02-01 05:16:00,268.6756155189611
2025-02-01 05:17:00,268.67753891443755
2025-02-01 05:18:00,268.6428890888022
2025-02-01 05:19:00,268.49448546141696
2025-02-01 05:20:00,268.6772998675036
2025-02-01 05:21:00,268.5291367877058
2025-02-01 05:22:00,268.68523521467966
2025-02-01 05:23:00,268.65097657328863
2025-02-01 05:24:00,268.68723277057217
2025-02-01 05:25:00,268.50537650825777
2025-02-01 05:26:00,268.6606641483429
2025-02-01 05:27:00,268.6991529691986
2025-02-01 05:28:00,268.6487128236062
2025-02-01 05:29:00,268.5524540813303
2025-02-01 05:30:00,268.52309307439026
2025-02-01 05:31:00,268.6558963211756
2025-02-01 05:32:00,268.5880145719249
2025-02-01 05:33:00,268.69988421147815
2025-02-01 05:34:00,268.53439416802115
2025-02-01 05:35:00,268.6184093293753
2025-02-01 05:36:00,268.6452884576606
2025-02-01 05:37:00,268.6362520065157
2025-02-01 05:38:00,268.6282670280155
2025-02-01 05:39:00,268.58075607226084
2025-02-01 05:40:00,268.720801045083
2025-02-01 05:41:00,268.53543312054313
2025-02-01 05:42:00,268.6632264726473
2025-02-01 05:43:00,268.5713380751766
2025-02-01 05:44:00,268.5997835816814
2025-02-01 05:45:00,268.586480032402
2025-02-01 05:46:00,268.606912569839
2025-02-01 05:47:00,268.6201494446464
2025-02-01 05:48:00,268.6096906203212
2025-02-01 05:49:00,268.5980777640601
2025-02-01 05:50:00,268.68243355415956
2025-02-01 05:51:00,268.6148945706073
2025-02-01 05:52:00,268.7379118035091
2025-02-01 05:53:00,268.6551623000655
2025-02-01 05:54:00,268.59296589895206
2025-02-01 05:55:00,268.62040002582324
2025-02-01 05:56:00,268.62170094103436
2025-02-01 05:57:00,268.6459514116044
2025-02-01 05:58:00,268.67075411633084
2025-02-01 05:59:00,268.5823776335687
2025-02-01 06:00:00,268.6364155333989
2025-02-01 06:01:00,268.7172657592375
2025-02-01 06:02:00,268.5914814722162
2025-02-01 06:03:00,268.7290526670841
2025-02-01 06:04:00,268.6786075349401
2025-02-01 06:05:00,268.7142685808864
2025-02-01 06:06:00,268.72800518215837
2025-02-01 06:07:00,268.60330087792937
2025-02-01 06:08:00,268.6475540337685
2025-02-01 06:09:00,268.692200606478
2025-02-01 06:10:00,268.75511062241634
2025-02-01 06:11:00,268.5928778268535
2025-02-01 06:12:00,268.6584441379865
2025-02-01 06:13:00,268.7415943270461
2025-02-01 06:14:00,268.5904411628138
2025-02-01 06:15:00,268.67983713267984
2025-02-01 06:16:00,268.73155970472504
2025-02-01 06:17:00,268.74260466003943
2025-02-01 06:18:00,268.71294851817413
2025-02-01 06:19:00,268.5921180521962
2025-02-01 06:20:00,268.7467328070834
2025-02-01 06:21:00,268.76171821586104
2025-02-01 06:22:00,268.71595255469174
2025-02-01 06:23:00,268.7534176879793
2025-02-01 06:24:00,268.65425240861373
2025-02-01 06:25:00,268.64127579837447
2025-02-01 06:26:00,268.67209585183565
2025-02-01 06:27:00,268.77156442232086
2025-02-01 06:28:00,268.671699271942
2025-02-01 06:29:00,268.5929871041655
2025-02-01 06:30:00,268.75061733495
2025-02-01 06:31:00,268.7766084503749
2025-02-01 06:32:00,268.69032825709917
2025-02-01 06:33:00,268.7776619510404
2025-02-01 06:34:00,268.76946028354723
2025-02-01 06:35:00,268.6045941150271
2025-02-01 06:36:00,268.6234904166987
2025-02-01 06:37:00,268.7695792142259
2025-02-01 06:38:00,268.719137586083
2025-02-01 06:39:00,268.79751486895026
2025-02-01 06:40:00,268.75445975091867
2025-02-01 06:41:00,268.6715800381124
2025-02-01 06:42:00,268.7878789967656
2025-02-01 06:43:00,268.76974793813287
2025-02-01 06:44:00,268.61721950939176
2025-02-01 06:45:00,268.62476947963864
2025-02-01 06:46:00,268.732735234545
2025-02-01 06:47:00,268.6612393904546
2025-02-01 06:48:00,268.71783860307687
2025-02-01 06:49:00,268.69139758251816
2025-02-01 06:50:00,268.6460041832193
2025-02-01 06:51:00,268.8094720258738
2025-02-01 06:52:00,268.624799295402
2025-02-01 06:53:00,268.7753809560821
2025-02-01 06:54:00,268.7417545939476
2025-02-01 06:55:00,268.65280526908936
2025-02-01 06:56:00,268.7318975063607
2025-02-01 06:57:00,268.69191074610296
2025-02-01 06:58:00,268.69916286222207
2025-02-01 06:59:00,268.64428572612763
2025-02-01 07:00:00,268.74368771555964
2025-02-01 07:01:00,268.7092212490215
2025-02-01 07:02:00,268.7897915352722
2025-02-01 07:03:00,268.7426511499032
2025-02-01 07:04:00,268.73379682616024
2025-02-01 07:05:00,268.70655615152054
2025-02-01 07:06:00,268.77770867855213
2025-02-01 07:07:00,268.70427295593305
2025-02-01 07:08:00,268.7804920442332
2025-02-01 07:09:00,268.8337651791836
2025-02-01 07:10:00,268.847274355333
2025-02-01 07:11:00,268.78755214060334
2025-02-01 07:12:00,268.77285138927954
2025-02-01 07:13:00,268.6798369481553
2025-02-01 07:14:00,268.6563020660818
2025-02-01 07:15:00,268.7865882717672
2025-02-01 07:16:00,268.8479159702855
2025-02-01 07:17:00,268.7067322797616
2025-02-01 07:18:00,268.7691397382224
2025-02-01 07:19:00,268.67108582899584
2025-02-01 07:20:00,268.6824026983864
2025-02-01 07:21:00,268.8410210827107
2025-02-01 07:22:00,268.820431694799
2025-02-01 07:23:00,268.7283014044158
2025-02-01 07:24:00,268.8128199867255
2025-02-01 07:25:00,268.6975954438391
2025-02-01 07:26:00,268.84289633119135
2025-02-01 07:27:00,268.762838657279
2025-02-01 07:28:00,268.8503626981015
2025-02-01 07:29:00,268.70873424341505
2025-02-01 07:30:00,268.86265474661127
2025-02-01 07:31:00,268.6816081954331
2025-02-01 07:32:00,268.79402878826386
2025-02-01 07:33:00,268.7441251088549
2025-02-01 07:34:00,268.691422536263
2025-02-01 07:35:00,268.7297649928954
2025-02-01 07:36:00,268.69320972208584
2025-02-01 07:37:00,268.7360172814594
2025-02-01 07:38:00,268.70850473846156
2025-02-01 07:39:00,268.8057296817551
2025-02-01 07:40:00,268.68967161169553
2025-02-01 07:41:00,268.86868863970534
2025-02-01 07:42:00,268.78270127369655
2025-02-01 07:43:00,268.8423844284201
2025-02-01 07:44:00,268.7792718923639
2025-02-01 07:45:00,268.78706448212796
2025-02-01 07:46:00,268.8260359899615
2025-02-01 07:47:00,268.7033388520342
2025-02-01 07:48:00,268.77188180779893
2025-02-01 07:49:00,268.8753065565141
2025-02-01 07:50:00,268.8890400309393
2025-02-01 07:51:00,268.88568419930033
2025-02-01 07:52:00,268.7225762821419
2025-02-01 07:53:00,268.8364302498882
2025-02-01 07:54:00,268.7752824806048
2025-02-01 07:55:00,268.8984078495364
2025-02-01 07:56:00,268.7510655026035
2025-02-01 07:57:00,268.8651641145609
2025-02-01 07:58:00,268.7797434239907
2025-02-01 07:59:00,268.85790556598204
2025-02-01 08:00:00,268.7815794055127
2025-02-01 08:01:00,268.85889319917425
2025-02-01 08:02:00,268.88121355721154
2025-02-01 08:03:00,268.7443743039272
2025-02-01 08:04:00,268.8838846165005
2025-02-01 08:05:00,268.77592230806744
2025-02-01 08:06:00,268.77373334448106
2025-02-01 08:07:00,268.7728179059966
2025-02-01 08:08:00,268.8434647599047
2025-02-01 08:09:00,268.87199857762033
2025-02-01 08:10:00,268.74168916484984
2025-02-01 08:11:00,268.7886153131957
2025-02-01 08:12:00,268.7705827694399
2025-02-01 08:13:00,268.88453678148744
2025-02-01 08:14:00,268.9266832879512
2025-02-01 08:15:00,268.90159837809534
2025-02-01 08:16:00,268.8783392576613
2025-02-01 08:17:00,268.9063618931716
2025-02-01 08:18:00,268.85541923510135
2025-02-01 08:19:00,268.9197294203251
2025-02-01 08:20:00,268.81468363949807
2025-02-01 08:21:00,268.78104573660335
2025-02-01 08:22:00,268.905024115265
2025-02-01 08:23:00,268.9329732020196
2025-02-01 08:24:00,268.82425388467317
2025-02-01 08:25:00,268.8640017636289
2025-02-01 08:26:00,268.8328419506177
2025-02-01 08:27:00,268.88372361398183
2025-02-01 08:28:00,268.818114387095
2025-02-01 08:29:00,268.8732417935593
2025-02-01 08:30:00,268.86692070290803
2025-02-01 08:31:00,268.92434557854625
2025-02-01 08:32:00,268.86402299587695
2025-02-01 08:33:00,268.76472478607684
2025-02-01 08:34:00,268.90470442410975
2025-02-01 08:35:00,268.7817755856979
2025-02-01 08:36:00,268.961688177697
2025-02-01 08:37:00,268.84409711272144
2025-02-01 08:38:00,268.79985659773325
2025-02-01 08:39:00,268.8977605615831
2025-02-01 08:40:00,268.9535801295818
2025-02-01 08:41:00,268.78791370374194
2025-02-01 08:42:00,268.8065240752538
2025-02-01 08:43:00,268.79782098479586
2025-02-01 08:44:00,268.9168456335045
2025-02-01 08:45:00,268.9370676114195
2025-02-01 08:46:00,268.9418580227821
2025-02-01 08:47:00,268.85749067514445
2025-02-01 08:48:00,268.8269347595755
2025-02-01 08:49:00,268.85305200320613
2025-02-01 08:50:00,268.9804094314904
2025-02-01 08:51:00,268.94065015422086
2025-02-01 08:52:00,268.85399360209465
2025-02-01 08:53:00,268.81461837909876
2025-02-01 08:54:00,268.87722907393476
2025-02-01 08:55:00,268.81448364033247
2025-02-01 08:56:00,268.8729881960873
2025-02-01 08:57:00,268.85696019973267
2025-02-01 08:58:00,268.9342875816454
2025-02-01 08:59:00,268.9081225552816
2025-02-01 09:00:00,268.92237780417656
2025-02-01 09:01:00,268.8415889353254
2025-02-01 09:02:00,268.8492260193654
2025-02-01 09:03:00,268.9913855694429
2025-02-01 09:04:00,268.90331935532
2025-02-01 09:05:00,268.9811621402558
2025-02-01 09:06:00,268.9485944878844
2025-02-01 09:07:00,268.91636345870324
2025-02-01 09:08:00,269.00290678868583
2025-02-01 09:09:00,268.8377328157146
2025-02-01 09:10:00,268.8281555435235
2025-02-01 09:11:00,268.9687196732718
2025-02-01 09:12:00,268.8605744063061
2025-02-01 09:13:00,268.84909166608327
2025-02-01 09:14:00,269.0059619993711
2025-02-01 09:15:00,268.8518602737327
2025-02-01 09:16:00,268.9840689536134
2025-02-01 09:17:00,269.00744797986704
2025-02-01 09:18:00,268.9495645061834
2025-02-01 09:19:00,268.90508208109935
2025-02-01 09:20:00,268.83743408757766
2025-02-01 09:21:00,269.00536037419505
2025-02-01 09:22:00,268.942439996782
2025-02-01 09:23:00,268.8906409112431
2025-02-01 09:24:00,268.9686743499595
2025-02-01 09:25:00,268.84121539913366
2025-02-01 09:26:00,268.946891008319
2025-02-01 09:27:00,268.9837315539747
2025-02-01 09:28:00,268.9122495207664
2025-02-01 09:29:00,269.01500253693763
2025-02-01 09:30:00,268.9273264998577
2025-02-01 09:31:00,268.85566473681206
2025-02-01 09:32:00,268.86770442212645
2025-02-01 09:33:00,269.04008453506856
2025-02-01 09:34:00,268.88612710149806
2025-02-01 09:35:00,268.85426479546305
2025-02-01 09:36:00,268.8566859011335
2025-02-01 09:37:00,269.00849346396217
2025-02-01 09:38:00,269.00820871061575
2025-02-01 09:39:00,268.9616811073384
2025-02-01 09:40:00,268.88562897544494
2025-02-01 09:41:00,268.96437366395736
2025-02-01 09:42:00,268.9331318292098
2025-02-01 09:43:00,268.87485513765665
2025-02-01 09:44:00,269.0472175891412
2025-02-01 09:45:00,268.90731483385724
2025-02-01 09:46:00,268.86945247042394
2025-02-01 09:47:00,268.8954849918121
2025-02-01 09:48:00,268.9121770493325
2025-02-01 09:49:00,268.9915024883192
2025-02-01 09:50:00,269.02532208995547
2025-02-01 09:51:00,268.9435677290274
2025-02-01 09:52:00,268.8979909741293
2025-02-01 09:53:00,268.8931235031004
2025-02-01 09:54:00,269.0031129447412
2025-02-01 09:55:00,269.0637165868671
2025-02-01 09:56:00,268.88137699905246
2025-02-01 09:57:00,268.9002025799386
2025-02-01 09:58:00,269.07603478931304
2025-02-01 09:59:00,269.0557895139296
2025-02-01 10:00:00,269.0796950428204
2025-02-01 10:01:00,268.9406433754483
2025-02-01 10:02:00,269.05053877641814
2025-02-01 10:03:00,269.01525363804865
2025-02-01 10:04:00,268.9135087316308
2025-02-01 10:05:00,269.06380316127473
2025-02-01 10:06:00,268.99881788882885
2025-02-01 10:07:00,268.96522520348765
2025-02-01 10:08:00,268.90149670904026
2025-02-01 10:09:00,268.9913308630997
2025-02-01 10:10:00,269.05843395413035
2025-02-01 10:11:00,269.0425867790852
2025-02-01 10:12:00,268.9843792422821
2025-02-01 10:13:00,269.00478536764496
2025-02-01 10:14:00,269.05907237417216
2025-02-01 10:15:00,268.907540034425
2025-02-01 10:16:00,269.02314676958923
2025-02-01 10:17:00,268.94093060183945
2025-02-01 10:18:00,268.94902286274595
2025-02-01 10:19:00,268.9165291619516
2025-02-01 10:20:00,268.91867628058094
2025-02-01 10:21:00,269.0892889930892
2025-02-01 10:22:00,269.0309397320106
2025-02-01 10:23:00,269.04689788594004
2025-02-01 10:24:00,269.01708342385695
2025-02-01 10:25:00,268.95232439855045
2025-02-01 10:26:00,269.0805006753082
2025-02-01 10:27:00,269.08949675533916
2025-02-01 10:28:00,269.02885610476534
2025-02-01 10:29:00,269.0158226632992
2025-02-01 10:30:00,268.9416496024578
2025-02-01 10:31:00,268.96975191453424
2025-02-01 10:32:00,269.08611235189227
2025-02-01 10:33:00,269.0088508195117
2025-02-01 10:34:00,269.04308847486874
2025-02-01 10:35:00,269.0728150777897
2025-02-01 10:36:00,269.0497438132399
2025-02-01 10:37:00,268.9494571230519
2025-02-01 10:38:00,269.0586205557017
2025-02-01 10:39:00,269.0552092833215
2025-02-01 10:40:00,268.9791442900905
2025-02-01 10:41:00,269.01314217358544
2025-02-01 10:42:00,269.13291674030285
2025-02-01 10:43:00,269.14007849045987
2025-02-01 10:44:00,269.10056512182894
2025-02-01 10:45:00,269.10611037605094
2025-02-01 10:46:00,269.01261229409374
2025-02-01 10:47:00,269.1025546892864
2025-02-01 10:48:00,269.13095872602304
2025-02-01 10:49:00,269.00068883236577
2025-02-01 10:50:00,269.1463992399178
2025-02-01 10:51:00,269.13736604397644
2025-02-01 10:52:00,269.0391451190404
2025-02-01 10:53:00,269.05685412182186
2025-02-01 10:54:00,269.11834787659507
2025-02-01 10:55:00,269.1585208272817
2025-02-01 10:56:00,268.97341607834795
2025-02-01 10:57:00,269.11233055046
2025-02-01 10:58:00,269.09669870637975
2025-02-01 10:59:00,269.0044170357466
2025-02-01 11:00:00,269.08071767540883
2025-02-01 11:01:00,269.07638105685874
2025-02-01 11:02:00,269.0255875520029
2025-02-01 11:03:00,268.992300161059
2025-02-01 11:04:00,269.1470463509659
2025-02-01 11:05:00,269.1060283452345
2025-02-01 11:06:00,269.10214157240637
2025-02-01 11:07:00,268.9869759155972
2025-02-01 11:08:00,269.1214977539942
2025-02-01 11:09:00,269.0823572934967
2025-02-01 11:10:00,269.06478816428006
2025-02-01 11:11:00,269.1224056631342
2025-02-01 11:12:00,269.15726701968316
2025-02-01 11:13:00,269.0215862125383
2025-02-01 11:14:00,269.11214260519165
2025-02-01 11:15:00,269.1086182181494
2025-02-01 11:16:00,269.0344762593408
2025-02-01 11:17:00,269.00558702250703
2025-02-01 11:18:00,269.1406372717754
2025-02-01 11:19:00,269.05200471991293
2025-02-01 11:20:00,269.1730362609382
2025-02-01 11:21:00,269.1756217323135
2025-02-01 11:22:00,269.094472674617
2025-02-01 11:23:00,269.00958214056675
2025-02-01 11:24:00,269.06251187085195
2025-02-01 11:25:00,269.0347021117792
2025-02-01 11:26:00,269.0239154953977
2025-02-01 11:27:00,269.01928327133595
2025-02-01 11:28:00,269.03692944011027
2025-02-01 11:29:00,269.06893053860193
2025-02-01 11:30:00,269.10185698958685
2025-02-01 11:31:00,269.0961707415638
2025-02-01 11:32:00,269.0378819138865
2025-02-01 11:33:00,269.0728954049095
2025-02-01 11:34:00,269.16887032774514
2025-02-01 11:35:00,269.13511085968514
2025-02-01 11:36:00,269.0737704074353
2025-02-01 11:37:00,269.07886720147565
2025-02-01 11:38:00,269.1093573912677
2025-02-01 11:39:00,269.03541510343774
2025-02-01 11:40:00,269.0271852571839
2025-02-01 11:41:00,269.1400756222733
2025-02-01 11:42:00,269.15991842595844
2025-02-01 11:43:00,269.1702986958778
2025-02-01 11:44:00,269.2242191996621
2025-02-01 11:45:00,269.17808061904043
2025-02-01 11:46:00,269.12616252186643
2025-02-01 11:47:00,269.1940630245114
2025-02-01 11:48:00,269.0729034865926
2025-02-01 11:49:00,269.08844449153673
2025-02-01 11:50:00,269.19054563923254
2025-02-01 11:51:00,269.0951704129634
2025-02-01 11:52:00,269.1564256928679
2025-02-01 11:53:00,269.2051564039305
2025-02-01 11:54:00,269.13015728750526
2025-02-01 11:55:00,269.11499405554497
2025-02-01 11:56:00,269.21974082140014
2025-02-01 11:57:00,269.1486624623999
2025-02-01 11:58:00,269.1905277904991
2025-02-01 11:59:00,269.23915367501036
2025-02-01 12:00:00,269.2294452888459
2025-02-01 12:01:00,269.21240158365384
2025-02-01 12:02:00,269.16467675160277
2025-02-01 12:03:00,269.12717408215076
2025-02-01 12:04:00,269.24318625485466
2025-02-01 12:05:00,269.2359525626158
2025-02-01 12:06:00,269.21339003916563
2025-02-01 12:07:00,269.1783535464109
2025-02-01 12:08:00,269.17531868739155
2025-02-01 12:09:00,269.19571280642117
2025-02-01 12:10:00,269.1813267613774
2025-02-01 12:11:00,269.16776743697943
2025-02-01 12:12:00,269.15940587122685
2025-02-01 12:13:00,269.0745711860229
2025-02-01 12:14:00,269.1028789573913
2025-02-01 12:15:00,269.22883502483876
2025-02-01 12:16:00,269.15687006852716
2025-02-01 12:17:00,269.22212785312837
2025-02-01 12:18:00,269.21882304219906
2025-02-01 12:19:00,269.26268539642194
2025-02-01 12:20:00,269.24221522310916
2025-02-01 12:21:00,269.09633387276466
2025-02-01 12:22:00,269.15629310361203
2025-02-01 12:23:00,269.2453412458126
2025-02-01 12:24:00,269.1889620553478
2025-02-01 12:25:00,269.2690123818847
2025-02-01 12:26:00,269.23333680267035
2025-02-01 12:27:00,269.1578858749296
2025-02-01 12:28:00,269.1329470874978
2025-02-01 12:29:00,269.16790281314843
2025-02-01 12:30:00,269.1393673888654
2025-02-01 12:31:00,269.1098038226866
2025-02-01 12:32:00,269.255643190327
2025-02-01 12:33:00,269.22552519175855
2025-02-01 12:34:00,269.2730123454017
2025-02-01 12:35:00,269.2586259955053
2025-02-01 12:36:00,269.1562917101523
2025-02-01 12:37:00,269.131854462681
2025-02-01 12:38:00,269.23872367513405
2025-02-01 12:39:00,269.23674176717606
2025-02-01 12:40:00,269.1617190101817
2025-02-01 12:41:00,269.2511172026952
2025-02-01 12:42:00,269.24471351080877
2025-02-01 12:43:00,269.3071672192328
2025-02-01 12:44:00,269.28044387877605
2025-02-01 12:45:00,269.1223269291855
2025-02-01 12:46:00,269.1159681175984
2025-02-01 12:47:00,269.15159378259006
2025-02-01 12:48:00,269.2867222303219
2025-02-01 12:49:00,269.1582844993681
2025-02-01 12:50:00,269.1423783591136
2025-02-01 12:51:00,269.1897662458126
2025-02-01 12:52:00,269.241145406622
2025-02-01 12:53:00,269.2533496085469
2025-02-01 12:54:00,269.2343294765352
2025-02-01 12:55:00,269.18451292602396
2025-02-01 12:56:00,269.22604497207976
2025-02-01 12:57:00,269.26258788090416
2025-02-01 12:58:00,269.20735018010964
2025-02-01 12:59:00,269.1395916574729
2025-02-01 13:00:00,269.31806675066554
2025-02-01 13:01:00,269.2699424567154
2025-02-01 13:02:00,269.1653233781556
2025-02-01 13:03:00,269.3255481873362
2025-02-01 13:04:00,269.2265760952266
2025-02-01 13:05:00,269.2325320645813
2025-02-01 13:06:00,269.2711760678225
2025-02-01 13:07:00,269.2771728111981
2025-02-01 13:08:00,269.182452238119
2025-02-01 13:09:00,269.1645616879416
2025-02-01 13:10:00,269.2033232524076
2025-02-01 13:11:00,269.3146961947997
2025-02-01 13:12:00,269.2071903196851
2025-02-01 13:13:00,269.23080221086224
2025-02-01 13:14:00,269.2803815923026
2025-02-01 13:15:00,269.22498562087554
2025-02-01 13:16:00,269.17082091735386
2025-02-01 13:17:00,269.2491258030326
2025-02-01 13:18:00,269.1603044057439
2025-02-01 13:19:00,269.3586694921382
2025-02-01 13:20:00,269.1823674514777
2025-02-01 13:21:00,269.1931590251549
2025-02-01 13:22:00,269.28609057078927
2025-02-01 13:23:00,269.19075060479383
2025-02-01 13:24:00,269.17428692891343
2025-02-01 13:25:00,269.2212783969787
2025-02-01 13:26:00,269.2680577874039
2025-02-01 13:27:00,269.29138178273195
2025-02-01 13:28:00,269.1794166828605
2025-02-01 13:29:00,269.3078300671727
2025-02-01 13:30:00,269.292656004578
2025-02-01 13:31:00,269.24489081794565
2025-02-01 13:32:00,269.3620559757259
2025-02-01 13:33:00,269.2829110194793
2025-02-01 13:34:00,269.2777947791284
2025-02-01 13:35:00,269.28989919608796
2025-02-01 13:36:00,269.2100958738174
2025-02-01 13:37:00,269.3239489220554
2025-02-01 13:38:00,269.32743264098553
2025-02-01 13:39:00,269.24716540370736
2025-02-01 13:40:00,269.36220652739456
2025-02-01 13:41:00,269.2646994236014
2025-02-01 13:42:00,269.2616987105502
2025-02-01 13:43:00,269.27027817511186
2025-02-01 13:44:00,269.38899210826304
2025-02-01 13:45:00,269.3173031886102
2025-02-01 13:46:00,269.28055372328726
2025-02-01 13:47:00,269.267644398742
2025-02-01 13:48:00,269.3542740033691
2025-02-01 13:49:00,269.208911171709
2025-02-01 13:50:00,269.27167710035667
2025-02-01 13:51:00,269.3216384784718
2025-02-01 13:52:00,269.2276010371744
2025-02-01 13:53:00,269.2469304469824
2025-02-01 13:54:00,269.3727086299294
2025-02-01 13:55:00,269.3088449935132
2025-02-01 13:56:00,269.30246284392655
2025-02-01 13:57:00,269.260682231105
2025-02-01 13:58:00,269.3703479936124
2025-02-01 13:59:00,269.2899289849012
2025-02-01 14:00:00,269.3877552505113
2025-02-01 14:01:00,269.3911757992026
2025-02-01 14:02:00,269.27075068087396
2025-02-01 14:03:00,269.41815947834607
2025-02-01 14:04:00,269.41804022529544
2025-02-01 14:05:00,269.3088231063
2025-02-01 14:06:00,269.38289200528
2025-02-01 14:07:00,269.34876085603673
2025-02-01 14:08:00,269.2432236844434
2025-02-01 14:09:00,269.279300448886
2025-02-01 14:10:00,269.3452632518632
2025-02-01 14:11:00,269.2998124012122
2025-02-01 14:12:00,269.29573145072084
2025-02-01 14:13:00,269.3619253294817
2025-02-01 14:14:00,269.2654465662702
2025-02-01 14:15:00,269.26819060507063
2025-02-01 14:16:00,269.39473903132307
2025-02-01 14:17:00,269.3526068089116
2025-02-01 14:18:00,269.3808322955785
2025-02-01 14:19:00,269.24642149991035
2025-02-01 14:20:00,269.41775296202997
2025-02-01 14:21:00,269.3443542693312
2025-02-01 14:22:00,269.2554084913302
2025-02-01 14:23:00,269.4003739898199
2025-02-01 14:24:00,269.30360317101673
2025-02-01 14:25:00,269.276103495616
2025-02-01 14:26:00,269.4393088689907
2025-02-01 14:27:00,269.2828417677478
2025-02-01 14:28:00,269.32792659779557
2025-02-01 14:29:00,269.4483492832768
2025-02-01 14:30:00,269.41129075771335
2025-02-01 14:31:00,269.3978785311519
2025-02-01 14:32:00,269.3287001640693
2025-02-01 14:33:00,269.30644737144826
2025-02-01 14:34:00,269.3444922047086
2025-02-01 14:35:00,269.4149410690038
2025-02-01 14:36:00,269.3120025543215
2025-02-01 14:37:00,269.3782307050887
2025-02-01 14:38:00,269.3602261041747
2025-02-01 14:39:00,269.37066287147644
2025-02-01 14:40:00,269.4481672496574
2025-02-01 14:41:00,269.4559031542121
2025-02-01 14:42:00,269.3629297662863
2025-02-01 14:43:00,269.33146488810655
2025-02-01 14:44:00,269.31397377115394
2025-02-01 14:45:00,269.43959355543166
2025-02-01 14:46:00,269.3284984315137
2025-02-01 14:47:00,269.44819952447426
2025-02-01 14:48:00,269.4754251294804
2025-02-01 14:49:00,269.3231197261636
2025-02-01 14:50:00,269.3879420125502
2025-02-01 14:51:00,269.4625991762474
2025-02-01 14:52:00,269.4695959553306
2025-02-01 14:53:00,269.4814593015207
2025-02-01 14:54:00,269.32121275448543
2025-02-01 14:55:00,269.3893370657096
2025-02-01 14:56:00,269.4752113589271
2025-02-01 14:57:00,269.4387961073499
2025-02-01 14:58:00,269.4374235695252
2025-02-01 14:59:00,269.442125477821
2025-02-01 15:00:00,269.4058114024792
2025-02-01 15:01:00,269.4126855093801
2025-02-01 15:02:00,269.4906307506498
2025-02-01 15:03:00,269.48968764373444
2025-02-01 15:04:00,269.45224385236776
2025-02-01 15:05:00,269.31408350581495
2025-02-01 15:06:00,269.37888324578614
2025-02-01 15:07:00,269.4291243687092
2025-02-01 15:08:00,269.37170135784766
2025-02-01 15:09:00,269.37611296248565
2025-02-01 15:10:00,269.3892040216091
2025-02-01 15:11:00,269.4516023700421
2025-02-01 15:12:00,269.3731693924379
2025-02-01 15:13:00,269.477267760502
2025-02-01 15:14:00,269.4096434837059
2025-02-01 15:15:00,269.49276247830494
2025-02-01 15:16:00,269.51276137497894
2025-02-01 15:17:00,269.4268300613828
2025-02-01 15:18:00,269.4724529621337
2025-02-01 15:19:00,269.5137677018912
2025-02-01 15:20:00,269.4335665677336
2025-02-01 15:21:00,269.4088417227252
2025-02-01 15:22:00,269.46978588999394
2025-02-01 15:23:00,269.52254548726313
2025-02-01 15:24:00,269.469385103691
2025-02-01 15:25:00,269.4984161645865
2025-02-01 15:26:00,269.4620816283759
2025-02-01 15:27:00,269.4743801107567
2025-02-01 15:28:00,269.5195337614588
2025-02-01 15:29:00,269.3906947640527
2025-02-01 15:30:00,269.51690856198155
2025-02-01 15:31:00,269.43097011238694
2025-02-01 15:32:00,269.37924537687087
2025-02-01 15:33:00,269.5431382300641
2025-02-01 15:34:00,269.40182378506313
2025-02-01 15:35:00,269.43540517669044
2025-02-01 15:36:00,269.36867936592114
2025-02-01 15:37:00,269.5412788368682
2025-02-01 15:38:00,269.4483230167228
2025-02-01 15:39:00,269.53872060904536
2025-02-01 15:40:00,269.3687927773682
2025-02-01 15:41:00,269.43205587990826
2025-02-01 15:42:00,269.44427372748424
2025-02-01 15:43:00,269.45517854787465
2025-02-01 15:44:00,269.37442378191497
2025-02-01 15:45:00,269.5367702860848
2025-02-01 15:46:00,269.4580762484134
2025-02-01 15:47:00,269.50648888730774
2025-02-01 15:48:00,269.4426010526703
2025-02-01 15:49:00,269.37804397864755
2025-02-01 15:50:00,269.42547779104814
2025-02-01 15:51:00,269.4190725035069
2025-02-01 15:52:00,269.545965083199
2025-02-01 15:53:00,269.47927654896495
2025-02-01 15:54:00,269.5468127303705
2025-02-01 15:55:00,269.4202453898793
2025-02-01 15:56:00,269.4362242122483
2025-02-01 15:57:00,269.56570462273
2025-02-01 15:58:00,269.40923437102776
2025-02-01 15:59:00,269.4275392073088
2025-02-01 16:00:00,269.5382882444939
2025-02-01 16:01:00,269.3906110063674
2025-02-01 16:02:00,269.57883835784224
2025-02-01 16:03:00,269.41673695401715
2025-02-01 16:04:00,269.45623700514017
2025-02-01 16:05:00,269.52334236220105
2025-02-01 16:06:00,269.5216494472887
2025-02-01 16:07:00,269.58242609332524
2025-02-01 16:08:00,269.5848763719919
2025-02-01 16:09:00,269.4688522287763
2025-02-01 16:10:00,269.5314490439969
2025-02-01 16:11:00,269.4527581133104
2025-02-01 16:12:00,269.5648433437869
2025-02-01 16:13:00,269.40790606293484
2025-02-01 16:14:00,269.5606456708574
2025-02-01 16:15:00,269.47742534651434
2025-02-01 16:16:00,269.439595916449
2025-02-01 16:17:00,269.48103849251544
2025-02-01 16:18:00,269.56441355916746
2025-02-01 16:19:00,269.57483694219343
2025-02-01 16:20:00,269.51947727174144
2025-02-01 16:21:00,269.4624172599948
2025-02-01 16:22:00,269.4917352523112
2025-02-01 16:23:00,269.49425611700934
2025-02-01 16:24:00,269.5486921950705
2025-02-01 16:25:00,269.5302433853852
2025-02-01 16:26:00,269.45204557940957
2025-02-01 16:27:00,269.5393582578776
2025-02-01 16:28:00,269.5241179924033
2025-02-01 16:29:00,269.5966773763283
2025-02-01 16:30:00,269.4874450844904
2025-02-01 16:31:00,269.5772793419148
2025-02-01 16:32:00,269.45902728247387
2025-02-01 16:33:00,269.48270199711845
2025-02-01 16:34:00,269.53090255137676
2025-02-01 16:35:00,269.56995085748065
2025-02-01 16:36:00,269.49532382102973
2025-02-01 16:37:00,269.5682412900762
2025-02-01 16:38:00,269.6233973258072
2025-02-01 16:39:00,269.44595431092165
2025-02-01 16:40:00,269.50210673835835
2025-02-01 16:41:00,269.52099069127587
2025-02-01 16:42:00,269.52951480152086
2025-02-01 16:43:00,269.5094702761398
2025-02-01 16:44:00,269.4669143661187
2025-02-01 16:45:00,269.49030028010185
2025-02-01 16:46:00,269.4495648648038
2025-02-01 16:47:00,269.58276879720626
2025-02-01 16:48:00,269.6192532098506
2025-02-01 16:49:00,269.4577329466686
2025-02-01 16:50:00,269.5251871395728
2025-02-01 16:51:00,269.6433684921709
2025-02-01 16:52:00,269.5794258701876
2025-02-01 16:53:00,269.52000278276785
2025-02-01 16:54:00,269.50544534135645
2025-02-01 16:55:00,269.6453576762791
2025-02-01 16:56:00,269.57763639664
2025-02-01 16:57:00,269.6129351574117
2025-02-01 16:58:00,269.47062968347956
2025-02-01 16:59:00,269.59235952232314
2025-02-01 17:00:00,269.50142431879743
2025-02-01 17:01:00,269.65061899882926
2025-02-01 17:02:00,269.59081950004554
2025-02-01 17:03:00,269.48129563489624
2025-02-01 17:04:00,269.60028162097564
2025-02-01 17:05:00,269.60445730934254
2025-02-01 17:06:00,269.6626392512953
2025-02-01 17:07:00,269.6237349261719
2025-02-01 17:08:00,269.6520769334093
2025-02-01 17:09:00,269.56631112085455
2025-02-01 17:10:00,269.53975751428385
2025-02-01 17:11:00,269.49314341328727
2025-02-01 17:12:00,269.6041280204113
2025-02-01 17:13:00,269.65129732099473
2025-02-01 17:14:00,269.58987036734965
2025-02-01 17:15:00,269.6035397227678
2025-02-01 17:16:00,269.5514484907937
2025-02-01 17:17:00,269.664831527069
2025-02-01 17:18:00,269.6153377168131
2025-02-01 17:19:00,269.64884650101135
2025-02-01 17:20:00,269.5514302448306
2025-02-01 17:21:00,269.6902145372867
2025-02-01 17:22:00,269.60732865222633
2025-02-01 17:23:00,269.63740026989717
2025-02-01 17:24:00,269.601072650674
2025-02-01 17:25:00,269.6149134478305
2025-02-01 17:26:00,269.5191383879261
2025-02-01 17:27:00,269.5090385248735
2025-02-01 17:28:00,269.5938646949249
2025-02-01 17:29:00,269.6866904348825
2025-02-01 17:30:00,269.6473175891504
2025-02-01 17:31:00,269.525316664846
2025-02-01 17:32:00,269.5751980844998
2025-02-01 17:33:00,269.5852527391791
2025-02-01 17:34:00,269.6915696930008
2025-02-01 17:35:00,269.5813216531775
2025-02-01 17:36:00,269.6885887923164
2025-02-01 17:37:00,269.67958361182093
2025-02-01 17:38:00,269.54067255376043
2025-02-01 17:39:00,269.6395835735741
2025-02-01 17:40:00,269.6608225137173
2025-02-01 17:41:00,269.55427909279797
2025-02-01 17:42:00,269.6512561762756
2025-02-01 17:43:00,269.5863011303645
2025-02-01 17:44:00,269.58599974558996
2025-02-01 17:45:00,269.54038068385825
2025-02-01 17:46:00,269.6179510004829
2025-02-01 17:47:00,269.71275178574086
2025-02-01 17:48:00,269.53710173797407
2025-02-01 17:49:00,269.5446171001439
2025-02-01 17:50:00,269.5973847478928
2025-02-01 17:51:00,269.6168258947623
2025-02-01 17:52:00,269.62574616472835
2025-02-01 17:53:00,269.5848996514441
2025-02-01 17:54:00,269.625684934492
2025-02-01 17:55:00,269.70200552960154
2025-02-01 17:56:00,269.67682571199185
2025-02-01 17:57:00,269.56175380117156
2025-02-01 17:58:00,269.64897092169434
2025-02-01 17:59:00,269.74719541519966
2025-02-01 18:00:00,269.6209405264482
2025-02-01 18:01:00,269.6456879649132
2025-02-01 18:02:00,269.74963271856825
2025-02-01 18:03:00,269.5606117596825
2025-02-01 18:04:00,269.6593325385175
2025-02-01 18:05:00,269.59784941614396
2025-02-01 18:06:00,269.68999387808486
2025-02-01 18:07:00,269.637767857201
2025-02-01 18:08:00,269.64925824645053
2025-02-01 18:09:00,269.7326548133212
2025-02-01 18:10:00,269.7068864478072
2025-02-01 18:11:00,269.67314182638825
2025-02-01 18:12:00,269.6377209692544
2025-02-01 18:13:00,269.7235849477029
2025-02-01 18:14:00,269.68609589218715
2025-02-01 18:15:00,269.66817429475407
2025-02-01 18:16:00,269.709510940577
2025-02-01 18:17:00,269.6415412803989
2025-02-01 18:18:00,269.6300850104919
2025-02-01 18:19:00,269.5896807656488
2025-02-01 18:20:00,269.6971344309159
2025-02-01 18:21:00,269.71907521963345
2025-02-01 18:22:00,269.71837841426134
2025-02-01 18:23:00,269.6790661056851
2025-02-01 18:24:00,269.74164299278993
2025-02-01 18:25:00,269.7219440517886
2025-02-01 18:26:00,269.70775235188626
2025-02-01 18:27:00,269.5933411008653
2025-02-01 18:28:00,269.7158652451574
2025-02-01 18:29:00,269.72720944657783
2025-02-01 18:30:00,269.62770960792494
2025-02-01 18:31:00,269.6791397083214
2025-02-01 18:32:00,269.741567669517
2025-02-01 18:33:00,269.67656117587256
2025-02-01 18:34:00,269.6253365969219
2025-02-01 18:35:00,269.62127680308413
2025-02-01 18:36:00,269.62133535320163
2025-02-01 18:37:00,269.65168277955763
2025-02-01 18:38:00,269.62388428085757
2025-02-01 18:39:00,269.636569472731
2025-02-01 18:40:00,269.61701813220066
2025-02-01 18:41:00,269.73874611958325
2025-02-01 18:42:00,269.7570440779099
2025-02-01 18:43:00,269.62520823779346
2025-02-01 18:44:00,269.7339790735324
2025-02-01 18:45:00,269.7617352595346
2025-02-01 18:46:00,269.7701714661516
2025-02-01 18:47:00,269.7999804530639
2025-02-01 18:48:00,269.6832136348511
2025-02-01 18:49:00,269.6613987123272
2025-02-01 18:50:00,269.7389907701159
2025-02-01 18:51:00,269.7697201274493
2025-02-01 18:52:00,269.64335521282226
2025-02-01 18:53:00,269.70035081003067
2025-02-01 18:54:00,269.79994492145335
2025-02-01 18:55:00,269.6391386189175
2025-02-01 18:56:00,269.68841811339223
2025-02-01 18:57:00,269.7738538344353
2025-02-01 18:58:00,269.7987505332933
2025-02-01 18:59:00,269.7525302326007
2025-02-01 19:00:00,269.81318530717124
2025-02-01 19:01:00,269.6933992963146
2025-02-01 19:02:00,269.68589330497076
2025-02-01 19:03:00,269.8290078027046
2025-02-01 19:04:00,269.66954173873825
2025-02-01 19:05:00,269.8224265635945
2025-02-01 19:06:00,269.83834064004975
2025-02-01 19:07:00,269.79961506107657
2025-02-01 19:08:00,269.6992260447086
2025-02-01 19:09:00,269.8148673234266
2025-02-01 19:10:00,269.74565309110807
2025-02-01 19:11:00,269.84215254936265
2025-02-01 19:12:00,269.8478657023932
2025-02-01 19:13:00,269.7890799254449
2025-02-01 19:14:00,269.75904979932517
2025-02-01 19:15:00,269.7235090825858
2025-02-01 19:16:00,269.7307156880645
2025-02-01 19:17:00,269.73947451854264
2025-02-01 19:18:00,269.75990136466095
2025-02-01 19:19:00,269.82794400550705
2025-02-01 19:20:00,269.6915237192659
2025-02-01 19:21:00,269.7187235323432
2025-02-01 19:22:00,269.6733872482587
2025-02-01 19:23:00,269.71098455314495
2025-02-01 19:24:00,269.71538784541275
2025-02-01 19:25:00,269.8554961022889
2025-02-01 19:26:00,269.80842284695893
2025-02-01 19:27:00,269.7761028379166
2025-02-01 19:28:00,269.70128731992116
2025-02-01 19:29:00,269.79170788884045
2025-02-01 19:30:00,269.7738889829224
2025-02-01 19:31:00,269.73633992335067
2025-02-01 19:32:00,269.8571026175113
2025-02-01 19:33:00,269.8053447413303
2025-02-01 19:34:00,269.72633673433893
2025-02-01 19:35:00,269.73843590175727
2025-02-01 19:36:00,269.7329152744202
2025-02-01 19:37:00,269.72595828622735
2025-02-01 19:38:00,269.7111902870803
2025-02-01 19:39:00,269.6956517014192
2025-02-01 19:40:00,269.810893374623
2025-02-01 19:41:00,269.8275357881817
2025-02-01 19:42:00,269.74373079624013
2025-02-01 19:43:00,269.87841427010125
2025-02-01 19:44:00,269.8207540568815
2025-02-01 19:45:00,269.85611901850143
2025-02-01 19:46:00,269.7122266251523
2025-02-01 19:47:00,269.8039141228583
2025-02-01 19:48:00,269.8237096259141
2025-02-01 19:49:00,269.81965562578876
2025-02-01 19:50:00,269.7709190579104
2025-02-01 19:51:00,269.7616155796327
2025-02-01 19:52:00,269.7969019409056
2025-02-01 19:53:00,269.7552141123287
2025-02-01 19:54:00,269.82999370710667
2025-02-01 19:55:00,269.77032554545474
2025-02-01 19:56:00,269.8193623218116
2025-02-01 19:57:00,269.7988487844437
2025-02-01 19:58:00,269.8481584610812
2025-02-01 19:59:00,269.74644518783293
2025-02-01 20:00:00,269.8357442952441
2025-02-01 20:01:00,269.86025836608246
2025-02-01 20:02:00,269.7222807752323
2025-02-01 20:03:00,269.77923212750096
2025-02-01 20:04:00,269.88231871255175
2025-02-01 20:05:00,269.88222627520827
2025-02-01 20:06:00,269.8648662291001
2025-02-01 20:07:00,269.86720159442626
2025-02-01 20:08:00,269.81986485675964
2025-02-01 20:09:00,269.833493267678
2025-02-01 20:10:00,269.8454554505234
2025-02-01 20:11:00,269.8005743327715
2025-02-01 20:12:00,269.91957572794087
2025-02-01 20:13:00,269.8290270127224
2025-02-01 20:14:00,269.9081887914028
2025-02-01 20:15:00,269.9227089978051
2025-02-01 20:16:00,269.8649687873232
2025-02-01 20:17:00,269.8422064777381
2025-02-01 20:18:00,269.9410511344205
2025-02-01 20:19:00,269.8968178870463
2025-02-01 20:20:00,269.8844200224436
2025-02-01 20:21:00,269.9269740596489
2025-02-01 20:22:00,269.87661298923194
2025-02-01 20:23:00,269.7705139400692
2025-02-01 20:24:00,269.85195391111455
2025-02-01 20:25:00,269.93239564474834
2025-02-01 20:26:00,269.9526278001358
2025-02-01 20:27:00,269.78248253550237
2025-02-01 20:28:00,269.9401433883216
2025-02-01 20:29:00,269.85901019919476
2025-02-01 20:30:00,269.81130803928863
2025-02-01 20:31:00,269.8392124916843
2025-02-01 20:32:00,269.80860244092474
2025-02-01 20:33:00,269.9078801931244
2025-02-01 20:34:00,269.95872584781233
2025-02-01 20:35:00,269.7894289508133
2025-02-01 20:36:00,269.92192622611515
2025-02-01 20:37:00,269.90148395175606
2025-02-01 20:38:00,269.8031159868595
2025-02-01 20:39:00,269.9292954351083
2025-02-01 20:40:00,269.8274153579586
2025-02-01 20:41:00,269.8100201374839
2025-02-01 20:42:00,269.8553128392652
2025-02-01 20:43:00,269.9228905327743
2025-02-01 20:44:00,269.8587724563592
2025-02-01 20:45:00,269.92764642533695
2025-02-01 20:46:00,269.8607597522243
2025-02-01 20:47:00,269.8989331207703
2025-02-01 20:48:00,269.9059835492777
2025-02-01 20:49:00,269.9375261543926
2025-02-01 20:50:00,269.89274292161537
2025-02-01 20:51:00,269.9202401899315
2025-02-01 20:52:00,269.93558801578314
2025-02-01 20:53:00,269.92567356868904
2025-02-01 20:54:00,269.940260039236
2025-02-01 20:55:00,269.9903359461601
2025-02-01 20:56:00,269.85392660163035
2025-02-01 20:57:00,269.94600553222057
2025-02-01 20:58:00,269.9227514149069
2025-02-01 20:59:00,269.9485462818875
2025-02-01 21:00:00,269.8188822501563
2025-02-01 21:01:00,269.8786290138038
2025-02-01 21:02:00,269.9190475306722
2025-02-01 21:03:00,269.8273223012312
2025-02-01 21:04:00,269.9741479374522
2025-02-01 21:05:00,269.95509934439326
2025-02-01 21:06:00,269.9439560385006
2025-02-01 21:07:00,269.86106729737674
2025-02-01 21:08:00,269.99932975318836
2025-02-01 21:09:00,269.8747760392661
2025-02-01 21:10:00,269.97501440869996
2025-02-01 21:11:00,269.94619877731367
2025-02-01 21:12:00,269.89861280271856
2025-02-01 21:13:00,269.88389583200114
2025-02-01 21:14:00,269.93130728210343
2025-02-01 21:15:00,269.8736985963758
2025-02-01 21:16:00,269.9531040055756
2025-02-01 21:17:00,270.0030499842611
2025-02-01 21:18:00,270.0180859163565
2025-02-01 21:19:00,269.94564348778596
2025-02-01 21:20:00,270.0040889893775
2025-02-01 21:21:00,269.9120518989501
2025-02-01 21:22:00,269.8920282435016
2025-02-01 21:23:00,269.9204274454255
2025-02-01 21:24:00,269.9415694235448
2025-02-01 21:25:00,269.9124747652071
2025-02-01 21:26:00,270.03462510924885
2025-02-01 21:27:00,269.9391918399707
2025-02-01 21:28:00,269.88095677294183
2025-02-01 21:29:00,269.92281415801375
2025-02-01 21:30:00,269.9957877906232
2025-02-01 21:31:00,269.89101202400525
2025-02-01 21:32:00,269.89674097698736
2025-02-01 21:33:00,269.90582402663273
2025-02-01 21:34:00,269.9697285632307
2025-02-01 21:35:00,269.96334491817186
2025-02-01 21:36:00,270.04571735026525
2025-02-01 21:37:00,269.90436041530984
2025-02-01 21:38:00,269.893671326861
2025-02-01 21:39:00,270.0213298380848
2025-02-01 21:40:00,270.0000153224079
2025-02-01 21:41:00,270.0237801725946
2025-02-01 21:42:00,270.0297187070497
2025-02-01 21:43:00,270.0609175605698
2025-02-01 21:44:00,269.9030802705697
2025-02-01 21:45:00,270.0067994300217
2025-02-01 21:46:00,269.91201710514935
2025-02-01 21:47:00,269.86686357700654
2025-02-01 21:48:00,270.0071875852871
2025-02-01 21:49:00,269.9098328333308
2025-02-01 21:50:00,270.03973305227464
2025-02-01 21:51:00,269.99259976132936
2025-02-01 21:52:00,269.9949434334377
2025-02-01 21:53:00,269.9940471546715
2025-02-01 21:54:00,269.8868504344001
2025-02-01 21:55:00,269.9148945082505
2025-02-01 21:56:00,269.9080855176599
2025-02-01 21:57:00,269.9152375008637
2025-02-01 21:58:00,270.0637606522837
2025-02-01 21:59:00,270.0438253816267
2025-02-01 22:00:00,269.9896775477355
2025-02-01 22:01:00,269.931665547376
2025-02-01 22:02:00,269.9046104574356
2025-02-01 22:03:00,270.03916711558
2025-02-01 22:04:00,269.9309410812583
2025-02-01 22:05:00,269.9787878995222
2025-02-01 22:06:00,269.9166567941414
2025-02-01 22:07:00,269.95531141761813
2025-02-01 22:08:00,270.0608706478078
2025-02-01 22:09:00,270.07060319984674
2025-02-01 22:10:00,270.0745276219
2025-02-01 22:11:00,270.0209704087971
2025-02-01 22:12:00,270.08839527390364
2025-02-01 22:13:00,270.05956700026354
2025-02-01 22:14:00,269.9147345009044
2025-02-01 22:15:00,270.01441940732946
2025-02-01 22:16:00,269.9366183366698
2025-02-01 22:17:00,269.9650701958963
2025-02-01 22:18:00,270.0422142119851
2025-02-01 22:19:00,270.03454841895166
2025-02-01 22:20:00,269.93073553520355
2025-02-01 22:21:00,270.0179266374821
2025-02-01 22:22:00,270.106404004375
2025-02-01 22:23:00,270.0023814035697
2025-02-01 22:24:00,269.95600059632716
2025-02-01 22:25:00,270.09883539997344
2025-02-01 22:26:00,269.9751573754644
2025-02-01 22:27:00,269.9743197177642
2025-02-01 22:28:00,270.0319824803666
2025-02-01 22:29:00,270.02983324221293
2025-02-01 22:30:00,270.12491490745595
2025-02-01 22:31:00,270.0751682592222
2025-02-01 22:32:00,270.1229898296506
2025-02-01 22:33:00,270.0588244730792
2025-02-01 22:34:00,270.1100616586805
2025-02-01 22:35:00,270.060276059511
2025-02-01 22:36:00,269.9497651223152
2025-02-01 22:37:00,270.02737647103515
2025-02-01 22:38:00,270.06270854361594
2025-02-01 22:39:00,269.9574707688454
2025-02-01 22:40:00,270.0793896665816
2025-02-01 22:41:00,270.1252573542738
2025-02-01 22:42:00,269.98237228084247
2025-02-01 22:43:00,270.05993585903286
2025-02-01 22:44:00,270.12486282469956
2025-02-01 22:45:00,270.01127823574495
2025-02-01 22:46:00,270.0701956146595
2025-02-01 22:47:00,269.993139386466
2025-02-01 22:48:00,270.0428214592437
2025-02-01 22:49:00,270.00447210076203
2025-02-01 22:50:00,269.96812783781417
2025-02-01 22:51:00,270.1288836824292
2025-02-01 22:52:00,270.14755358004277
2025-02-01 22:53:00,270.0909079822474
2025-02-01 22:54:00,270.075946818092
2025-02-01 22:55:00,269.9946839703266
2025-02-01 22:56:00,270.1072181534684
2025-02-01 22:57:00,269.9975487205727
2025-02-01 22:58:00,269.9728350686157
2025-02-01 22:59:00,270.09967506092056
2025-02-01 23:00:00,270.1183537312588
2025-02-01 23:01:00,270.05684969950426
2025-02-01 23:02:00,270.1290482691457
2025-02-01 23:03:00,270.12262962206637
2025-02-01 23:04:00,270.0856149227186
2025-02-01 23:05:00,269.9795543021417
2025-02-01 23:06:00,270.11949284521006
2025-02-01 23:07:00,270.1001323187795
2025-02-01 23:08:00,270.0560063780409
2025-02-01 23:09:00,270.0202905190937
2025-02-01 23:10:00,270.1094194699673
2025-02-01 23:11:00,270.1001726659786
2025-02-01 23:12:00,270.08148305670267
2025-02-01 23:13:00,270.06455881113897
2025-02-01 23:14:00,270.01529249121194
2025-02-01 23:15:00,270.17996020726594
2025-02-01 23:16:00,270.15212805702123
2025-02-01 23:17:00,270.0523782112121
2025-02-01 23:18:00,270.04701249446003
2025-02-01 23:19:00,270.18429717913205
2025-02-01 23:20:00,270.07717237763063
2025-02-01 23:21:00,270.0436221628899
2025-02-01 23:22:00,270.05710696252055
2025-02-01 23:23:00,270.01394822424487
2025-02-01 23:24:00,270.0203898379979
2025-02-01 23:25:00,270.0562899446573
2025-02-01 23:26:00,270.1668929846049
2025-02-01 23:27:00,270.0447428117134
2025-02-01 23:28:00,270.0852909170958
2025-02-01 23:29:00,270.08108812821877
2025-02-01 23:30:00,270.06031885820033
2025-02-01 23:31:00,270.1946348659951
2025-02-01 23:32:00,270.16563545702905
2025-02-01 23:33:00,270.0745544520795
2025-02-01 23:34:00,270.0483065645575
2025-02-01 23:35:00,270.1210986070156
2025-02-01 23:36:00,270.03692425335987
2025-02-01 23:37:00,270.042780310254
2025-02-01 23:38:00,270.16272433030093
2025-02-01 23:39:00,270.14634925674403
2025-02-01 23:40:00,270.221920875143
2025-02-01 23:41:00,270.1647120168258
2025-02-01 23:42:00,270.08970750468524
2025-02-01 23:43:00,270.0898420764434
2025-02-01 23:44:00,270.05992665459274
2025-02-01 23:45:00,270.14866416540104
2025-02-01 23:46:00,270.0994492974198
2025-02-01 23:47:00,270.2022584905259
2025-02-01 23:48:00,270.162866096704
2025-02-01 23:49:00,270.0987675003714
2025-02-01 23:50:00,270.1345645111034
2025-02-01 23:51:00,270.04808740061895
2025-02-01 23:52:00,270.0569938921056
2025-02-01 23:53:00,270.0439484969435
2025-02-01 23:54:00,270.23531412960284
2025-02-01 23:55:00,270.08959461415157
2025-02-01 23:56:00,270.0810371715574
2025-02-01 23:57:00,270.2234351424102
2025-02-01 23:58:00,270.0892131405435
2025-02-01 23:59:00,270.1350582976922
